episode,reward,evacuated,died,avg_steps,avg_hp,epsilon,loss,duration
1,-18540.0,0,12,,,1.0,,0.5681602954864502
2,-15678.0,1,12,11.0,0.0,1.0,,0.2981092929840088
