episode,reward,evacuated,died,avg_steps,avg_hp,epsilon,loss,duration
1,-11040.0,2,10,6.5,87.5,0.16677181699666577,2127.848331227022,1.1858201026916504
2,-5378.0,2,10,4.5,100.0,0.1,2223.6354466488488,0.7181656360626221
